[{"model": "auth.permission", "pk": 1, "fields": {"name": "Can add log entry", "content_type": 1, "codename": "add_logentry"}}, {"model": "auth.permission", "pk": 2, "fields": {"name": "Can change log entry", "content_type": 1, "codename": "change_logentry"}}, {"model": "auth.permission", "pk": 3, "fields": {"name": "Can delete log entry", "content_type": 1, "codename": "delete_logentry"}}, {"model": "auth.permission", "pk": 4, "fields": {"name": "Can view log entry", "content_type": 1, "codename": "view_logentry"}}, {"model": "auth.permission", "pk": 5, "fields": {"name": "Can add permission", "content_type": 2, "codename": "add_permission"}}, {"model": "auth.permission", "pk": 6, "fields": {"name": "Can change permission", "content_type": 2, "codename": "change_permission"}}, {"model": "auth.permission", "pk": 7, "fields": {"name": "Can delete permission", "content_type": 2, "codename": "delete_permission"}}, {"model": "auth.permission", "pk": 8, "fields": {"name": "Can view permission", "content_type": 2, "codename": "view_permission"}}, {"model": "auth.permission", "pk": 9, "fields": {"name": "Can add group", "content_type": 3, "codename": "add_group"}}, {"model": "auth.permission", "pk": 10, "fields": {"name": "Can change group", "content_type": 3, "codename": "change_group"}}, {"model": "auth.permission", "pk": 11, "fields": {"name": "Can delete group", "content_type": 3, "codename": "delete_group"}}, {"model": "auth.permission", "pk": 12, "fields": {"name": "Can view group", "content_type": 3, "codename": "view_group"}}, {"model": "auth.permission", "pk": 13, "fields": {"name": "Can add user", "content_type": 4, "codename": "add_user"}}, {"model": "auth.permission", "pk": 14, "fields": {"name": "Can change user", "content_type": 4, "codename": "change_user"}}, {"model": "auth.permission", "pk": 15, "fields": {"name": "Can delete user", "content_type": 4, "codename": "delete_user"}}, {"model": "auth.permission", "pk": 16, "fields": {"name": "Can view user", "content_type": 4, "codename": "view_user"}}, {"model": "auth.permission", "pk": 17, "fields": {"name": "Can add content type", "content_type": 5, "codename": "add_contenttype"}}, {"model": "auth.permission", "pk": 18, "fields": {"name": "Can change content type", "content_type": 5, "codename": "change_contenttype"}}, {"model": "auth.permission", "pk": 19, "fields": {"name": "Can delete content type", "content_type": 5, "codename": "delete_contenttype"}}, {"model": "auth.permission", "pk": 20, "fields": {"name": "Can view content type", "content_type": 5, "codename": "view_contenttype"}}, {"model": "auth.permission", "pk": 21, "fields": {"name": "Can add session", "content_type": 6, "codename": "add_session"}}, {"model": "auth.permission", "pk": 22, "fields": {"name": "Can change session", "content_type": 6, "codename": "change_session"}}, {"model": "auth.permission", "pk": 23, "fields": {"name": "Can delete session", "content_type": 6, "codename": "delete_session"}}, {"model": "auth.permission", "pk": 24, "fields": {"name": "Can view session", "content_type": 6, "codename": "view_session"}}, {"model": "auth.permission", "pk": 25, "fields": {"name": "Can add Категория", "content_type": 7, "codename": "add_category"}}, {"model": "auth.permission", "pk": 26, "fields": {"name": "Can change Категория", "content_type": 7, "codename": "change_category"}}, {"model": "auth.permission", "pk": 27, "fields": {"name": "Can delete Категория", "content_type": 7, "codename": "delete_category"}}, {"model": "auth.permission", "pk": 28, "fields": {"name": "Can view Категория", "content_type": 7, "codename": "view_category"}}, {"model": "auth.permission", "pk": 29, "fields": {"name": "Can add Продукт", "content_type": 8, "codename": "add_product"}}, {"model": "auth.permission", "pk": 30, "fields": {"name": "Can change Продукт", "content_type": 8, "codename": "change_product"}}, {"model": "auth.permission", "pk": 31, "fields": {"name": "Can delete Продукт", "content_type": 8, "codename": "delete_product"}}, {"model": "auth.permission", "pk": 32, "fields": {"name": "Can view Продукт", "content_type": 8, "codename": "view_product"}}, {"model": "auth.permission", "pk": 33, "fields": {"name": "Can add Контакт", "content_type": 9, "codename": "add_contact"}}, {"model": "auth.permission", "pk": 34, "fields": {"name": "Can change Контакт", "content_type": 9, "codename": "change_contact"}}, {"model": "auth.permission", "pk": 35, "fields": {"name": "Can delete Контакт", "content_type": 9, "codename": "delete_contact"}}, {"model": "auth.permission", "pk": 36, "fields": {"name": "Can view Контакт", "content_type": 9, "codename": "view_contact"}}, {"model": "auth.permission", "pk": 37, "fields": {"name": "Can add Запись в блоге", "content_type": 10, "codename": "add_blogpost"}}, {"model": "auth.permission", "pk": 38, "fields": {"name": "Can change Запись в блоге", "content_type": 10, "codename": "change_blogpost"}}, {"model": "auth.permission", "pk": 39, "fields": {"name": "Can delete Запись в блоге", "content_type": 10, "codename": "delete_blogpost"}}, {"model": "auth.permission", "pk": 40, "fields": {"name": "Can view Запись в блоге", "content_type": 10, "codename": "view_blogpost"}}, {"model": "auth.permission", "pk": 41, "fields": {"name": "Can add Версия", "content_type": 11, "codename": "add_version"}}, {"model": "auth.permission", "pk": 42, "fields": {"name": "Can change Версия", "content_type": 11, "codename": "change_version"}}, {"model": "auth.permission", "pk": 43, "fields": {"name": "Can delete Версия", "content_type": 11, "codename": "delete_version"}}, {"model": "auth.permission", "pk": 44, "fields": {"name": "Can view Версия", "content_type": 11, "codename": "view_version"}}, {"model": "auth.permission", "pk": 45, "fields": {"name": "Can add Пользователь", "content_type": 12, "codename": "add_user"}}, {"model": "auth.permission", "pk": 46, "fields": {"name": "Can change Пользователь", "content_type": 12, "codename": "change_user"}}, {"model": "auth.permission", "pk": 47, "fields": {"name": "Can delete Пользователь", "content_type": 12, "codename": "delete_user"}}, {"model": "auth.permission", "pk": 48, "fields": {"name": "Can view Пользователь", "content_type": 12, "codename": "view_user"}}, {"model": "contenttypes.contenttype", "pk": 1, "fields": {"app_label": "admin", "model": "logentry"}}, {"model": "contenttypes.contenttype", "pk": 2, "fields": {"app_label": "auth", "model": "permission"}}, {"model": "contenttypes.contenttype", "pk": 3, "fields": {"app_label": "auth", "model": "group"}}, {"model": "contenttypes.contenttype", "pk": 4, "fields": {"app_label": "auth", "model": "user"}}, {"model": "contenttypes.contenttype", "pk": 5, "fields": {"app_label": "contenttypes", "model": "contenttype"}}, {"model": "contenttypes.contenttype", "pk": 6, "fields": {"app_label": "sessions", "model": "session"}}, {"model": "contenttypes.contenttype", "pk": 7, "fields": {"app_label": "catalog", "model": "category"}}, {"model": "contenttypes.contenttype", "pk": 8, "fields": {"app_label": "catalog", "model": "product"}}, {"model": "contenttypes.contenttype", "pk": 9, "fields": {"app_label": "catalog", "model": "contact"}}, {"model": "contenttypes.contenttype", "pk": 10, "fields": {"app_label": "catalog", "model": "blogpost"}}, {"model": "contenttypes.contenttype", "pk": 11, "fields": {"app_label": "catalog", "model": "version"}}, {"model": "contenttypes.contenttype", "pk": 12, "fields": {"app_label": "users", "model": "user"}}, {"model": "sessions.session", "pk": "rwprw8zknaa9saes5ry1vthoy96ma52n", "fields": {"session_data": ".eJxVjEEOgjAQRe_StWk67QCtS_eegcx0BosaSCisjHdXEha6_e-9_zI9bWvpt6pLP4o5GzCn340pP3Tagdxpus02z9O6jGx3xR602uss-rwc7t9BoVq-9eCT6xoMGAQjg3AQjsjqNaNrqHXUknhV4BQwJh4gUNKBO2EMkMC8P-RSOCU:1sxy2N:kYUIGVhbfl4Uf2NswQ1gzY-IyIUsqxjM7SXM2HHVnl4", "expire_date": "2024-10-22T00:25:15.738Z"}}, {"model": "sessions.session", "pk": "x1a4k309wf5z9pmpvztqdz6972sdz4t6", "fields": {"session_data": ".eJxVjMsOwiAQRf-FtSEMUHBcuu83NMwM2KqBpI-V8d-1SRe6veec-1JD2tZx2JY8D5Ooi_Lq9LtR4keuO5B7qremudV1nkjvij7oovsm-Xk93L-DMS3jt2ZnmF0wiIlikOwjdl0gYwgIC2BXAM7OArCJyWORAEJWiIvNaHxU7w_VYDeb:1t0a7p:8pxyMPfEoxBT50-h7huNNno57W9jQTcq6NDaLRHbYY4", "expire_date": "2024-10-29T05:29:41.676Z"}}, {"model": "catalog.product", "pk": 1, "fields": {"name": "Lorem Ipsum", "description": "Заполняет текстовые блоки фиктивным текстом. Если вам нужно быстро сделать проект, а основного текста от заказчика ещё нет, то воспользуйтесь плагином для заполнения пустого пространства. Вы можете указать количество слов, предложений или параграфов в зависимости от того, что требуется.", "image": "catalog/images/lorem-ipsum-tekst-ryba_1prwtbJ.png", "category": 1, "purchase_price": 150, "created_at": "2024-09-16T16:06:16.576Z", "updated_at": "2024-09-16T16:06:16.576Z", "manufactured_at": "1995-08-10", "owner": null}}, {"model": "catalog.product", "pk": 2, "fields": {"name": "Charts", "description": "Создаёт диаграммы: линейную, площадную, круговую, кольцевую, точечную и гистограмму. У каждой есть собственные значения, которые вы выставляете, как нужно. Также не забывайте выделять область, где необходима диаграмма.", "image": "catalog/images/charts.jpg", "category": 1, "purchase_price": 130, "created_at": "2024-09-16T16:07:24.142Z", "updated_at": "2024-10-08T22:54:03.483Z", "manufactured_at": "2020-06-18", "owner": null}}, {"model": "catalog.product", "pk": 3, "fields": {"name": "Photorealistic", "description": "Midjourney умеет генерировать картинки даже по простому запросу вроде «веселый кот», но результат вряд ли будет интересным. А после того как пятая версия научилась генерировать фотореализм, принципы построения промпта усложнились. Теперь нужно писать по несколько строк описания, чтобы добиться хорошего результата. Photorealistic генерирует длинный промпт по короткой фразе. Плагин активируется автоматически: просто опишите картинку, которую хотели бы сгенерировать в Midjourney. Три слова он превратит в детальное описание, уточнив атмосферу снимка, камеру, цвета, ракурс и другие параметры. Ответы приходят на английском языке, поэтому сгенерированный текст можно сразу копировать и вставлять чат в Discord.", "image": "catalog/images/Photorealistic.webp", "category": 1, "purchase_price": 600, "created_at": "2024-09-16T16:08:54.518Z", "updated_at": "2024-10-08T23:44:23.457Z", "manufactured_at": "2023-05-10", "owner": null}}, {"model": "catalog.product", "pk": 4, "fields": {"name": "Link Reader", "description": "Поисковик Bing, встроенный в ChatGPT, открывает далеко не все ссылки: например, не читает Google Docs и профили в соцсетях. Проблему решает Link Reader. Плагин открывает и анализирует большинство ссылок, включая веб-страницы, изображения или PDF-файлы. Отправьте Link Reader любую ссылку и попросите пересказать, суммаризировать или сравнить данные. Со ссылкой можно даже разговаривать и задавать ей вопросы. Из недостатков: не открывает ссылки на страницы во «Вконтакте» и «Фейсбуке» из-за запрета сайтов на парсинг информации.", "image": "catalog/images/Link_Reader.webp", "category": 1, "purchase_price": 80, "created_at": "2024-09-16T16:09:58.681Z", "updated_at": "2024-09-16T16:09:58.681Z", "manufactured_at": "2024-09-10", "owner": null}}, {"model": "catalog.product", "pk": 5, "fields": {"name": "Получаем гласные", "description": "Этот пример возвращает в строке найденные гласные \"a e i o u\". Это может оказаться полезным при поиске или обнаружении гласных.\r\n\r\ndef get_vowels(String):\r\n    return [each for each in String if each in \"aeiou\"]\r\nget_vowels(\"animal\") # [a, i, a]\r\nget_vowels(\"sky\") # []\r\nget_vowels(\"football\") # [o, o, a]", "image": "catalog/images/basics.png", "category": 2, "purchase_price": 3, "created_at": "2024-09-16T16:12:14.552Z", "updated_at": "2024-09-16T16:12:14.552Z", "manufactured_at": "2024-09-16", "owner": null}}, {"model": "catalog.product", "pk": 6, "fields": {"name": "Первая буква в верхнем регистре", "description": "Этот пример используется для превращения каждой первой буквы символов строки в прописную букву. Он работает со строкой из одного или нескольких символов и будет полезен при анализе текста или записи данных в файл и т.п.\r\n\r\ndef capitalize(String):\r\n    return String.title()\r\ncapitalize(\"shop\") # [Shop]\r\ncapitalize(\"python programming\") # [Python Programming]\r\ncapitalize(\"how are you!\") # [How Are You!]", "image": "catalog/images/basics_qVdL7Q6.png", "category": 2, "purchase_price": 3, "created_at": "2024-09-16T16:13:44.760Z", "updated_at": "2024-09-16T16:13:44.760Z", "manufactured_at": "2024-09-16", "owner": null}}, {"model": "catalog.product", "pk": 7, "fields": {"name": "Noise", "description": "Создаёт новый слой в виде сгенерированного шума. Вы сами регулируете плотность, контраст и масштаб. А если нажать In__ve__rt, то будет сгенерирован светлый шум на темном фоне_. П__рофилактика_ теперь у вас в Figma.", "image": "catalog/images/white-noise-1400x825-1.jpg", "category": 1, "purchase_price": 50, "created_at": "2024-09-16T16:18:28.284Z", "updated_at": "2024-10-08T23:48:25.313Z", "manufactured_at": "2003-08-10", "owner": null}}, {"model": "catalog.product", "pk": 8, "fields": {"name": "Mapsicle", "description": "Позволяет найти на карте мира любую точку, даже по координатам. Есть возможность настроить отображение объектов, как с названием улиц, так и без них. Показать вид со спутника, сделать карту в темных тонах, также можно настроить угол показа самой карты.", "image": "catalog/images/sddefault.jpg", "category": 1, "purchase_price": 600, "created_at": "2024-09-16T16:19:22.757Z", "updated_at": "2024-09-16T16:19:22.757Z", "manufactured_at": "2024-09-12", "owner": null}}, {"model": "catalog.product", "pk": 9, "fields": {"name": "Объединяем два словаря", "description": "Этот пример выполняет слияние двух словарей в один.\r\n\r\ndef merge(dic1,dic2):\r\n    dic3=dic1.copy()\r\n    dic3.update(dic2)\r\n    return dic3\r\ndic1={1:\"hello\", 2:\"world\"}\r\ndic2={3:\"Python\", 4:\"Programming\"}\r\nmerge(dic1,dic2) # {1: 'hello', 2: 'world', 3: 'Python', 4: 'Programming'}", "image": "catalog/images/basics_LputT7z.png", "category": 2, "purchase_price": 2, "created_at": "2024-09-16T16:19:53.746Z", "updated_at": "2024-09-16T16:19:53.746Z", "manufactured_at": "2024-09-16", "owner": null}}, {"model": "catalog.product", "pk": 10, "fields": {"name": "SkewDat", "description": "Исказит любой объект. Можно искажать несколько объектов одновременно и есть возможность вернуться к исходному значению.", "image": "catalog/images/skewdat2_4x_yLLsf8N.png", "category": 1, "purchase_price": 80, "created_at": "2024-09-16T16:20:43.936Z", "updated_at": "2024-09-16T16:20:43.936Z", "manufactured_at": "2010-09-10", "owner": null}}, {"model": "catalog.product", "pk": 11, "fields": {"name": "Проверка дубликатов", "description": "Это самый быстрый способ проверки наличия повторяющихся значений в списке.\r\n\r\ndef check_duplicate(lst):\r\n    return len(lst) != len(set(lst))\r\ncheck_duplicate([1,2,3,4,5,4,6]) # True\r\ncheck_duplicate([1,2,3]) # False\r\ncheck_duplicate([1,2,3,4,9]) # False", "image": "", "category": 2, "purchase_price": 2, "created_at": "2024-09-16T16:21:52.168Z", "updated_at": "2024-09-16T16:21:52.168Z", "manufactured_at": "2024-09-16", "owner": null}}, {"model": "catalog.product", "pk": 12, "fields": {"name": "Фильтрация значений False", "description": "Этот пример используется для устранения всех ложных значений из списка, например false, 0, None, \" \".\r\n\r\ndef Filtering(lst):\r\n    return list(filter(None,lst))\r\nlst=[None,1,3,0,\"\",5,7]\r\nFiltering(lst) #[1, 3, 5, 7]", "image": "catalog/images/basics_kN6iKkh.png", "category": 2, "purchase_price": 2, "created_at": "2024-09-16T16:28:51.676Z", "updated_at": "2024-09-16T16:28:51.676Z", "manufactured_at": "2024-09-16", "owner": null}}, {"model": "catalog.product", "pk": 13, "fields": {"name": "Contrast", "description": "Проверяет контрастность цветов во время работы. Выберите слой, и функция Контрастность найдет цвет непосредственно за выбранным цветом и покажет коэффициент контрастности.", "image": "catalog/images/Contrast.jpg", "category": 1, "purchase_price": 43, "created_at": "2024-09-16T16:29:31.994Z", "updated_at": "2024-09-16T16:29:31.994Z", "manufactured_at": "2024-09-18", "owner": null}}, {"model": "catalog.product", "pk": 14, "fields": {"name": "Autoflow", "description": "Рисует линию между выбранными объектами. Есть выбор цвета, толщины, наклон линий. Удобно для рисования блок-схем или для замены Miro.", "image": "catalog/images/Autoflow-A-better-way-for-DVI-CRM-and-more.webp", "category": 1, "purchase_price": 66, "created_at": "2024-09-16T16:30:15.564Z", "updated_at": "2024-10-08T22:47:56.704Z", "manufactured_at": "2013-08-10", "owner": null}}, {"model": "catalog.product", "pk": 15, "fields": {"name": "Преобразование разделённого запятыми списка в строку", "description": "Этот код преобразует разделённый запятыми список в единую строку. Его удобно использовать, когда нужно объединить весь список со строкой.\r\n\r\nmy_list1=[\"Python\",\"JavaScript\",\"C++\"]\r\nmy_list2=[\"Java\", \"Flutter\", \"Swift\"]\r\n#example 1\r\n\"My favourite Programming Languages are\" , \", \".join(my_list1)) # My favourite Programming Languages are Python, JavaScript, C++\r\nprint(\", \".join(my_list2))  # Java, Flutter, Swift", "image": "catalog/images/basics_o6k26EJ.png", "category": 2, "purchase_price": 2, "created_at": "2024-09-16T17:13:52.992Z", "updated_at": "2024-09-16T17:13:52.992Z", "manufactured_at": "2024-09-16", "owner": null}}, {"model": "catalog.product", "pk": 23, "fields": {"name": "Bullets", "description": "Редко, когда макет обходится без создания списков. Плагин Bullets позволяет создать стильные маркированные списки. Создавайте стили, сохраняйте их в Figma и используйте их в рамках работы над всем проектом.", "image": "", "category": 1, "purchase_price": 58, "created_at": "2024-09-16T17:43:40.298Z", "updated_at": "2024-10-08T22:41:58.625Z", "manufactured_at": "2020-06-18", "owner": null}}, {"model": "catalog.product", "pk": 24, "fields": {"name": "Test", "description": "Test", "image": "catalog/images/product1.jpg", "category": null, "purchase_price": 8, "created_at": "2024-09-24T07:50:37.340Z", "updated_at": "2024-09-24T07:50:37.340Z", "manufactured_at": null, "owner": null}}, {"model": "catalog.product", "pk": 28, "fields": {"name": "Тест", "description": "ФВЫфывфывфыв", "image": "", "category": 2, "purchase_price": 2, "created_at": "2024-10-08T22:59:22.110Z", "updated_at": "2024-10-08T23:23:12.757Z", "manufactured_at": "2024-09-18", "owner": null}}, {"model": "catalog.product", "pk": 31, "fields": {"name": "фывфывфыв", "description": "цйуйцуйцу", "image": "", "category": 2, "purchase_price": 213123, "created_at": "2024-10-08T23:40:03.467Z", "updated_at": "2024-10-08T23:40:11.196Z", "manufactured_at": "2020-06-18", "owner": null}}, {"model": "catalog.product", "pk": 33, "fields": {"name": "main_menu", "description": "sadasdasd", "image": "", "category": 2, "purchase_price": 21, "created_at": "2024-10-15T05:22:57.492Z", "updated_at": "2024-10-15T05:22:57.494Z", "manufactured_at": "2013-08-10", "owner": 4}}, {"model": "catalog.category", "pk": 1, "fields": {"name": "Плагины", "description": "Плагины на все случаи жизни"}}, {"model": "catalog.category", "pk": 2, "fields": {"name": "Примеры кода", "description": "Разные примеры кода"}}, {"model": "catalog.version", "pk": 1, "fields": {"product": 14, "version_number": "1", "version_name": "Финальная", "is_current": true}}, {"model": "catalog.version", "pk": 2, "fields": {"product": 23, "version_number": "1", "version_name": "Ывфыв", "is_current": false}}, {"model": "catalog.version", "pk": 3, "fields": {"product": 23, "version_number": "1.2", "version_name": "фывфыв", "is_current": true}}, {"model": "catalog.version", "pk": 4, "fields": {"product": 2, "version_number": "1", "version_name": "Ывфыв", "is_current": true}}, {"model": "catalog.version", "pk": 5, "fields": {"product": null, "version_number": "1", "version_name": "Ывфыв", "is_current": false}}, {"model": "catalog.version", "pk": 6, "fields": {"product": null, "version_number": "2", "version_name": "фывфй", "is_current": true}}, {"model": "catalog.version", "pk": 7, "fields": {"product": null, "version_number": "1", "version_name": "Ывфыв", "is_current": false}}, {"model": "catalog.version", "pk": 8, "fields": {"product": null, "version_number": "1.2", "version_name": "Предфинальноая", "is_current": true}}, {"model": "catalog.version", "pk": 9, "fields": {"product": 28, "version_number": "1", "version_name": "Ывфыв", "is_current": true}}, {"model": "catalog.version", "pk": 10, "fields": {"product": 31, "version_number": "1", "version_name": "Ывфыв", "is_current": true}}, {"model": "catalog.version", "pk": 11, "fields": {"product": null, "version_number": "1", "version_name": "223", "is_current": true}}, {"model": "catalog.version", "pk": 12, "fields": {"product": 3, "version_number": "1", "version_name": "Предфинальная", "is_current": true}}, {"model": "catalog.version", "pk": 13, "fields": {"product": null, "version_number": "1", "version_name": "Ывфыв", "is_current": true}}, {"model": "catalog.version", "pk": 14, "fields": {"product": 7, "version_number": "1", "version_name": "223", "is_current": true}}, {"model": "catalog.contact", "pk": 1, "fields": {"name": "John Doe", "phone": "1234567890", "message": "Hello!"}}, {"model": "catalog.contact", "pk": 2, "fields": {"name": "Mikhail", "phone": "+79990008888", "message": "Джанго это сложна"}}, {"model": "catalog.blogpost", "pk": 2, "fields": {"title": "test", "slug": "testblog", "context": "asdasdasdasdasdasdasd", "preview_image": "", "created_at": "2024-09-24T09:56:18.585Z", "is_published": false, "views": 8}}, {"model": "catalog.blogpost", "pk": 3, "fields": {"title": "asasd", "slug": "testblog2", "context": "asdasdasd", "preview_image": "", "created_at": "2024-09-24T10:20:08.125Z", "is_published": false, "views": 0}}, {"model": "catalog.blogpost", "pk": 4, "fields": {"title": "test3", "slug": "testblog3", "context": "sadasdasdasdasd231231231223213", "preview_image": "", "created_at": "2024-09-24T10:21:03.496Z", "is_published": false, "views": 105}}, {"model": "catalog.blogpost", "pk": 5, "fields": {"title": "stes53", "slug": "testblog4", "context": "asdasdasdas", "preview_image": "", "created_at": "2024-09-24T10:27:28.853Z", "is_published": false, "views": 4}}, {"model": "catalog.blogpost", "pk": 6, "fields": {"title": "test5", "slug": "test5", "context": "asdasdasdasdasdasd", "preview_image": "", "created_at": "2024-09-24T11:32:08.762Z", "is_published": false, "views": 1}}, {"model": "catalog.blogpost", "pk": 7, "fields": {"title": "test 222", "slug": "test-222", "context": "asdasdasdasd", "preview_image": "", "created_at": "2024-10-05T09:40:56.172Z", "is_published": true, "views": 1}}, {"model": "users.user", "pk": 4, "fields": {"password": "pbkdf2_sha256$870000$viZelSsvCsK6fbpgYFhuQH$6bNxiYlEKpoFLfTmgND8j9nnIHlO6SnFdm+uiIgSTC8=", "last_login": "2024-10-15T05:29:41.674Z", "is_superuser": false, "first_name": "Михаил", "last_name": "Михайлусов", "is_staff": false, "is_active": true, "date_joined": "2024-10-15T01:36:19.132Z", "email": "mishael000@yandex.ru", "avatar": "users/avatar/default_image_loA7adM.jpg", "phone": "89304122232", "country": "Россия", "token": "9f6ae526f6ab3514d7a87308dc6b8c6b", "groups": [], "user_permissions": []}}, {"model": "users.user", "pk": 5, "fields": {"password": "pbkdf2_sha256$870000$c6MrqVB0By0Oj6QwkzutaZ$A+dmtnvFMVvW0aaZnjJZBstJZLPAmz3RAmcI64aT4lU=", "last_login": "2024-10-15T05:23:46.030Z", "is_superuser": true, "first_name": "", "last_name": "", "is_staff": true, "is_active": true, "date_joined": "2024-10-15T05:17:51.792Z", "email": "admin@example.com", "avatar": "", "phone": null, "country": null, "token": null, "groups": [], "user_permissions": []}}]